session_id,window_id,label,annotator,notes
session-20260723T092556401Z-f75d59c9,room_a-20260723T092556.420Z,discussion_allowed,manual_session_label,two participants normal-volume natural discussion
session-20260723T092556401Z-f75d59c9,room_a-20260723T092601.428Z,discussion_allowed,manual_session_label,two participants normal-volume natural discussion
session-20260723T092556401Z-f75d59c9,room_a-20260723T092606.438Z,discussion_allowed,manual_session_label,two participants normal-volume natural discussion
session-20260723T092556401Z-f75d59c9,room_a-20260723T092611.445Z,discussion_allowed,manual_session_label,two participants normal-volume natural discussion
session-20260723T092556401Z-f75d59c9,room_a-20260723T092616.453Z,discussion_allowed,manual_session_label,two participants normal-volume natural discussion
session-20260723T092556401Z-f75d59c9,room_a-20260723T092621.462Z,discussion_allowed,manual_session_label,two participants normal-volume natural discussion
session-20260723T092556401Z-f75d59c9,room_a-20260723T092626.471Z,discussion_allowed,manual_session_label,two participants normal-volume natural discussion
session-20260723T092556401Z-f75d59c9,room_a-20260723T092631.480Z,discussion_allowed,manual_session_label,two participants normal-volume natural discussion
session-20260723T092556401Z-f75d59c9,room_a-20260723T092636.490Z,discussion_allowed,manual_session_label,two participants normal-volume natural discussion
session-20260723T093809359Z-c7ab61aa,room_a-20260723T093809.379Z,not_recommended_noisy_or_crowded,manual_session_label,two participants sustained noisy activity
session-20260723T093809359Z-c7ab61aa,room_a-20260723T093814.386Z,not_recommended_noisy_or_crowded,manual_session_label,two participants sustained noisy activity
session-20260723T093809359Z-c7ab61aa,room_a-20260723T093819.395Z,not_recommended_noisy_or_crowded,manual_session_label,two participants sustained noisy activity
session-20260723T093809359Z-c7ab61aa,room_a-20260723T093824.402Z,not_recommended_noisy_or_crowded,manual_session_label,two participants sustained noisy activity
session-20260723T093809359Z-c7ab61aa,room_a-20260723T093829.411Z,not_recommended_noisy_or_crowded,manual_session_label,two participants sustained noisy activity
session-20260723T093809359Z-c7ab61aa,room_a-20260723T093834.420Z,not_recommended_noisy_or_crowded,manual_session_label,two participants sustained noisy activity
session-20260723T093809359Z-c7ab61aa,room_a-20260723T093839.428Z,not_recommended_noisy_or_crowded,manual_session_label,two participants sustained noisy activity
session-20260723T093809359Z-c7ab61aa,room_a-20260723T093844.462Z,not_recommended_noisy_or_crowded,manual_session_label,two participants sustained noisy activity
session-20260723T093809359Z-c7ab61aa,room_a-20260723T093849.471Z,not_recommended_noisy_or_crowded,manual_session_label,two participants sustained noisy activity
session-20260723T100559022Z-34fda6f1,room_a-20260723T100559.042Z,empty_or_low_activity,manual_session_label,empty classroom with zero participants
session-20260723T100559022Z-34fda6f1,room_a-20260723T100604.054Z,empty_or_low_activity,manual_session_label,empty classroom with zero participants
session-20260723T100559022Z-34fda6f1,room_a-20260723T100609.063Z,empty_or_low_activity,manual_session_label,empty classroom with zero participants
session-20260723T100559022Z-34fda6f1,room_a-20260723T100614.072Z,empty_or_low_activity,manual_session_label,empty classroom with zero participants
session-20260723T100559022Z-34fda6f1,room_a-20260723T100619.079Z,empty_or_low_activity,manual_session_label,empty classroom with zero participants
session-20260723T100559022Z-34fda6f1,room_a-20260723T100624.087Z,empty_or_low_activity,manual_session_label,empty classroom with zero participants
session-20260723T100559022Z-34fda6f1,room_a-20260723T100629.095Z,empty_or_low_activity,manual_session_label,empty classroom with zero participants
session-20260723T100559022Z-34fda6f1,room_a-20260723T100634.104Z,empty_or_low_activity,manual_session_label,empty classroom with zero participants
session-20260723T100559022Z-34fda6f1,room_a-20260723T100639.112Z,empty_or_low_activity,manual_session_label,empty classroom with zero participants
session-20260723T103741176Z-ffae7d8c,room_a-20260723T103741.196Z,quiet_study_recommended,manual_session_label,one participant natural quiet study
session-20260723T103741176Z-ffae7d8c,room_a-20260723T103746.204Z,quiet_study_recommended,manual_session_label,one participant natural quiet study
session-20260723T103741176Z-ffae7d8c,room_a-20260723T103751.213Z,quiet_study_recommended,manual_session_label,one participant natural quiet study
session-20260723T103741176Z-ffae7d8c,room_a-20260723T103756.219Z,quiet_study_recommended,manual_session_label,one participant natural quiet study
session-20260723T103741176Z-ffae7d8c,room_a-20260723T103801.228Z,quiet_study_recommended,manual_session_label,one participant natural quiet study
session-20260723T103741176Z-ffae7d8c,room_a-20260723T103806.238Z,quiet_study_recommended,manual_session_label,one participant natural quiet study
session-20260723T103741176Z-ffae7d8c,room_a-20260723T103811.248Z,quiet_study_recommended,manual_session_label,one participant natural quiet study
session-20260723T103741176Z-ffae7d8c,room_a-20260723T103816.256Z,quiet_study_recommended,manual_session_label,one participant natural quiet study
session-20260723T103741176Z-ffae7d8c,room_a-20260723T103821.265Z,quiet_study_recommended,manual_session_label,one participant natural quiet study
